SG90ZWwsIGNhciwgZXhwZXJpZW5jZXM=	T3RlbCwgYXJhYmEsIGRlbmV5aW1sZXI=
V2l0aCB1cywgeW91ciB0cmlwIGlzIGZpbGxlZCB3aXRoIGFtYXppbmcgZXhwZXJpZW5jZXMu	Qml6aW1sZSB5b2xjdWx1xJ91bnV6IGhhcmlrYSBkZW5leWltbGVybGUgZG9sdS4=
U3RhcnQgeW91ciBzZWFyY2g=	QXJhbWF5YSBiYcWfbGE=
V2hlcmUgdG8/	TmVyZXllPw==
QW55IHdlZWs=	SGVyaGFuZ2kgYmlyIGhhZnRh
QWRkIGd1ZXN0cw==	TWlzYWZpciBla2xl
TG9jYXRpb24=	S29udW0=
V2hlcmUgYXJlIHlvdSBnb2luZz8=	TmVyZXllIGdpZGl5b3JzdW51ej8=
Q2hlY2sgaW4=	R2lyacWf
Q2hlY2sgb3V0	w4fEsWvEscWf
QWRkIGRhdGU=	VGFyaWggZWtsZQ==
R3Vlc3Rz	TWlzYWZpcmxlcg==
JXMgR3Vlc3Rz	JXMgbWlzYWZpcg==
U3RheXM=	S29uYWtsYW1h
Q2Fycw==	QXJhYmFsYXI=
RXhwZXJpZW5jZXM=	RGVuZXlpbWxlcg==
RmxpZ2h0cw==	VcOndcWfbGFy
UmVhbEVzdGF0ZXM=	RW1sYWs=
VGVtcGxhdGVz	xZ5hYmxvbmxhcg==
VHJhdmVsZXJz	WW9sY3VsYXI=
TGlzdCB5b3VyIHByb3BlcnR5	TcO8bGvDvG7DvHrDvCBsaXN0ZWxl
QWR1bHRz	WWV0acWfa2lu
QWdlcyAxMys=	MTMrIHlhxZ8=
Q2hpbGRyZW4=	w4dvY3Vr
SW5mYW50cw==	QmViZWs=
Tm90aWZpY2F0aW9ucw==	QmlsZGlyaW1sZXI=
WW91IGhhdmUgbm8gbmV3IG5vdGlmaWNhdGlvbnMu	WWVuaSBiaWxkaXJpbWluaXogeW9rLg==
U2lnbiBpbg==	R2lyacWfIHlhcA==
Q3JlYXRlIGFjY291bnQ=	SGVzYXAgb2x1xZ90dXI=
RGVjcmVhc2UgJXM=	JXMgYXphbHQ=
SW5jcmVhc2UgJXM=	JXMgYXJ0xLFy
RXhwbG9yZSB0aGUgYmVzdCBwbGFjZXMgdG8gc3RheSBpbiB0aGUgd29ybGQu	RMO8bnlhbsSxbiBlbiBpeWkga29uYWtsYW1hIHllcmxlcmluaSBrZcWfZmVkaW4u
TGV0J3MgZ28gb24gYW4gYWR2ZW50dXJl	QmlyIG1hY2VyYXlhIMOnxLFrYWzEsW0=
QmVuZWZpdHM=	QXZhbnRhamxhcg==
V2h5IGhvc3Qgd2l0aCB1cz8=	TmVkZW4gYml6aW1sZSBldiBzYWhpcGxpxJ9pIHlhcG1hbMSxc8SxbsSxej8=
QWR2ZXJ0aXNpbmc=	VGFuxLF0xLFt
Q29zdC1lZmZlY3RpdmUgYWR2ZXJ0aXNpbmc=	VXlndW4gbWFsaXlldGxpIHRhbsSxdMSxbQ==
QSBmcmVlIGxpc3RpbmcsIHlvdSBjYW4gYWR2ZXJ0aXNlIHlvdXIgcmVudGFsIHdpdGggbm8gdXBmcm9udCBjb3N0cw==	w5xjcmV0c2l6IGlsYW5sYSBraXJhbsSxesSxIMO2biBtYWxpeWV0IG9sbWFkYW4gdGFuxLF0YWJpbGlyc2luaXo=
RXhwb3N1cmU=	R8O2csO8bsO8cmzDvGs=
UmVhY2ggbWlsbGlvbnMgd2l0aCBDaGlzZmlz	Q2hpc2ZpcyBpbGUgbWlseW9ubGFyYSB1bGHFn8Sxbg==
TWlsbGlvbnMgb2YgcGVvcGxlIGFyZSBzZWFyY2hpbmcgZm9yIHVuaXF1ZSBwbGFjZXMgdG8gc3RheSBhcm91bmQgdGhlIHdvcmxk	RMO8bnlhIMOnYXDEsW5kYSBtaWx5b25sYXJjYSBracWfaSBiZW56ZXJzaXoga29uYWtsYW1hIHllcmxlcmkgYXLEsXlvcg==
U2VjdXJl	R8O8dmVubGk=
U2VjdXJlIGFuZCBzaW1wbGU=	R8O8dmVubGkgdmUga29sYXk=
QSBDaGlzZmlzIGxpc3RpbmcgZ2l2ZXMgeW91IGEgc2VjdXJlIGFuZCBlYXN5IHdheSB0byB0YWtlIGJvb2tpbmdzIGFuZCBwYXltZW50cyBvbmxpbmU=	Q2hpc2ZpcyBpbGFubGFyxLF5bGEgw6dldnJpbWnDp2kgcmV6ZXJ2YXN5b24gdmUgw7ZkZW1lbGVyaSBnw7x2ZW5sZSBhbMSxbg==
RmVhdHVyZWQgcGxhY2VzIHRvIHN0YXk=	w5ZuZSDDp8Sxa2FuIGtvbmFrbGFtYSB5ZXJsZXJp
U2VsZWN0ZWQgYmFzZWQgb24gdXNlciByZXZpZXdzLiBVcGRhdGVkIHdlZWtseQ==	TWlzYWZpciB5b3J1bWxhcsSxbmEgZ8O2cmUgc2XDp2lsZGkuIEhlciBoYWZ0YSBnw7xuY2VsbGVuaXIu
VmlldyBhbGw=	VMO8bcO8bsO8IGfDtnI=
U2hvdyBtZSBtb3Jl	RGFoYSBmYXpsYSBnw7ZzdGVy
QmVjb21lIGEgaG9zdA==	RXYgc2FoaWJpIG9sdW4=
SG93IGl0IHdvcms=	TmFzxLFsIMOnYWzEscWfxLFy
S2VlcCBjYWxtICYgdHJhdmVsIG9u	U2FraW4gb2x1biB2ZSBzZXlhaGF0IGVkaW4=
Qm9vayAmIHJlbGF4	UmV6ZXJ2YXN5b24geWFwxLFuLCByYWhhdGxhecSxbg==
TGV0IGVhY2ggdHJpcCBiZSBhbiBpbnNwaXJhdGlvbmFsIGpvdXJuZXksIGVhY2ggcm9vbSBhIHBlYWNlZnVsIHNwYWNl	SGVyIHlvbGN1bHVrIGlsaGFtIHZlcnNpbiwgaGVyIG9kYSBodXp1ciBzdW5zdW4=
U21hcnQgY2hlY2tsaXN0	QWvEsWxsxLEga29udHJvbCBsaXN0ZXNp
U2F2ZSBtb3Jl	RGFoYSDDp29rIHRhc2FycnVmIGVkaW4=
VG9wIDEwIGF1dGhvcnMgb2YgdGhlIG1vbnRo	QXnEsW4gZW4gaXlpIDEwIHlhemFyxLE=
TWVldCB0aGUgaG9zdHMgYmVoaW5kIHRoZSBiZXN0LXJhdGVkIHN0YXlzLg==	RW4gecO8a3NlayBwdWFubMSxIGtvbmFrbGFtYWxhcsSxbiBhcmthc8SxbmRha2kgZXYgc2FoaXBsZXJpeWxlIHRhbsSxxZ/EsW4u
Sm9pbiBvdXIgbmV3c2xldHRlcg==	QsO8bHRlbmltaXplIGthdMSxbMSxbg==
R2V0IGV4Y2x1c2l2ZSBkZWFscyBhbmQgaW5zcGlyYXRpb24gZGVsaXZlcmVkIHN0cmFpZ2h0IHRvIHlvdXIgaW5ib3gu	w5Z6ZWwgZsSxcnNhdGxhciB2ZSBzZXlhaGF0IGZpa2lybGVyaSBnZWxlbiBrdXR1bnV6YSBnZWxzaW4u
R2V0IG1vcmUgZGlzY291bnQ=	RGFoYSBmYXpsYSBpbmRpcmltIGthemFuxLFu
R2V0IHByZW1pdW0gZGVhbHM=	w5Z6ZWwgZsSxcnNhdGxhcsSxIHlha2FsYXnEsW4=
RW5kbGVzcyBpbnNwaXJhdGlvbg==	U8SxbsSxcnPEsXogaWxoYW0=
RXhwbG9yZSBuZWFyYnk=	WWFrxLFuIMOnZXZyZXlpIGtlxZ9mZWRpbg==
R3JlYXQgcGxhY2VzIG5lYXIgd2hlcmUgeW91IGxpdmU=	WWHFn2FkxLHEn8SxbsSxeiB5ZXJlIHlha8SxbiBoYXJpa2EgeWVybGVy
RXhwbG9yZSBieSB0eXBlcyBvZiBzdGF5cw==	S29uYWtsYW1hIHTDvHJsZXJpbmUgZ8O2cmUga2XFn2ZlZGlu
RXhwbG9yZSBob3VzZXMgYmFzZWQgb24gMTAgdHlwZXMgb2Ygc3RheXM=	MTAga29uYWtsYW1hIHTDvHLDvG7DvCBrZcWfZmVkaW4=
RW5qb3kgdGhlIGdyZWF0IGNvbGQ=	S8SxxZ/EsW4gdGFkxLFuxLEgw6fEsWthcsSxbg==
U2xlZXAgaW4gYSBmbG9hdGluZyB3YXk=	U3V5dW4gw7x6ZXJpbmRlIGtvbmFrbGF5xLFu
SW4gdGhlIGJpbGxpb25haXJlJ3MgaG91c2U=	TMO8a3MgYmlyIGV2ZGUga29uYWtsYXnEsW4=
Q29vbCBpbiB0aGUgZGVlcCBmb3Jlc3Q=	T3JtYW7EsW4gc2VyaW5sacSfaW5pIGtlxZ9mZWRpbg==
U3Vuc2V0IGluIHRoZSBkZXNlcnQ=	w4fDtmxkZSBnw7xuIGJhdMSxbcSx
QmVjb21lIGEgaG9zdCB3aXRoIHVzLg==	Qml6aW1sZSBldiBzYWhpYmkgb2x1bi4=
V2l0aCBDaGlzZmlzLCBib29raW5nIHJlc29ydHMsIHZpbGxhcywgaG90ZWxzLCBwcml2YXRlIGhvbWVzLCBhbmQgYXBhcnRtZW50cyBiZWNvbWVzIHF1aWNrLCBjb252ZW5pZW50LCBhbmQgZWFzeS4=	Q2hpc2ZpcyBpbGUgdGF0aWwga8O2ecO8LCB2aWxsYSwgb3RlbCB2ZSBldiByZXplcnZhc3lvbnUgaMSxemzEsSB2ZSBrb2xheS4=
RXhwbG9yZSBzdGF5cw==	S29uYWtsYW1hbGFyxLEga2XFn2ZlZGlu
V29ybGR3aWRl	RMO8bnlhIGdlbmVsaQ==
c3RheXM=	a29uYWtsYW1h
T3Zlcg==	VG9wbGFt
cGxhY2Vz	eWVy
Qm9vayBGbGlnaHRz	VcOndcWfIFJlemVydmFzeW9udQ==
RXhwbG9yZSB0aGUgd29ybGQgd2l0aCB1cy4=	RMO8bnlhecSxIGJpemltbGUga2XFn2ZlZGluLg==
RmluZCByaWRlcy4=	QXJhw6cgYnVsdW4u
RmluZCB5b3VyIHBlcmZlY3QgY2Fycw==	TcO8a2VtbWVsIGFyYWPEsW7EsXrEsSBidWx1bg==
RGlzY292ZXIgQWR2ZW50dXJlcw==	TWFjZXJhbGFyxLEgS2XFn2ZlZGlu
RXhwZXJpZW5jZSBsaXN0aW5ncw==	RGVuZXlpbSBpbGFubGFyxLE=
U3RheSBpbmZvcm1hdGlvbg==	S29uYWtsYW1hIGJpbGdpc2k=
Um9vbSBSYXRlcw==	T2RhIGZpeWF0bGFyxLFuxLE=
QW1lbml0aWVz	T2xhbmFrbGFy
QXZhaWxhYmlsaXR5	TcO8c2FpdGxpaw==
UmV2aWV3cw==	WW9ydW1sYXI=
cmV2aWV3cw==	eW9ydW0=
TWFraW5nIHRoZSB3b3JsZCBhIGJldHRlciBwbGFjZSB0aHJvdWdoIGNvbnN0cnVjdGluZyBlbGVnYW50IGhpZXJhcmNoaWVzLg==	xZ7EsWsgaGl5ZXJhcsWfaWxlciBvbHXFn3R1cmFyYWsgZMO8bnlhecSxIGRhaGEgaXlpIGJpciB5ZXIgaGFsaW5lIGdldGlyaXlvcnV6Lg==
U29sdXRpb25z	w4fDtnrDvG1sZXI=
TWFya2V0aW5n	UGF6YXJsYW1h
QW5hbHl0aWNz	QW5hbGl0aWs=
QXV0b21hdGlvbg==	T3RvbWFzeW9u
Q29tbWVyY2U=	VGljYXJldA==
U3VwcG9ydA==	RGVzdGVr
U3VibWl0IHRpY2tldA==	VGFsZXAgZ8O2bmRlcg==
RG9jdW1lbnRhdGlvbg==	RG9rw7xtYW50YXN5b24=
R3VpZGVz	UmVoYmVybGVy
Q29tcGFueQ==	xZ5pcmtldA==
QWJvdXQ=	SGFra8SxbcSxemRh
Sm9icw==	S2FyaXllcg==
UHJlc3M=	QmFzxLFu
TGVnYWw=	WWFzYWw=
VGVybXMgb2Ygc2VydmljZQ==	SGl6bWV0IMWfYXJ0bGFyxLE=
UHJpdmFjeSBwb2xpY3k=	R2l6bGlsaWsgcG9saXRpa2FzxLE=
TGljZW5zZQ==	TGlzYW5z
SW5zaWdodHM=	xLDDp2fDtnLDvGxlcg==
QWxsIHJpZ2h0cyByZXNlcnZlZC4=	VMO8bSBoYWtsYXLEsSBzYWtsxLFkxLFyLg==
RXhwbG9yZQ==	S2XFn2ZldA==
V2lzaGxpc3Rz	RmF2b3JpbGVy
QWNjb3VudA==	SGVzYXA=
TWVudQ==	TWVuw7w=
SG9tZQ==	QW5hc2F5ZmE=
U2VhcmNo	QXJh
Vm9pY2Ugc2VhcmNo	U2VzbGkgYXJhbWE=
TGlzdGVuaW5nLi4u	RGlubGVuaXlvci4uLg==
Vm9pY2Ugc2VhcmNoIGlzIG5vdCBzdXBwb3J0ZWQgaW4gdGhpcyBicm93c2Vy	QnUgdGFyYXnEsWPEsSBzZXNsaSBhcmFtYXnEsSBkZXN0ZWtsZW1peW9y
Q2FydA==	U2VwZXQ=
RGFyayBtb2Rl	S2FyYW5sxLFrIG1vZA==
TGlnaHQgbW9kZQ==	QXlkxLFubMSxayBtb2Q=
U2FocmEgbW9kZQ==	U2FocmEgbW9kdQ==
VG9nZ2xlIGRhcmsgbW9kZQ==	S2FyYW5sxLFrIG1vZHUgYcOnL2thcGF0
Q0FURUdPUklFUw==	S0FURUdPUsSwTEVS
TGFuZ3VhZ2U=	RGls
Q3VycmVuY3k=	UGFyYSBiaXJpbWk=
SG90ZWxz	T3RlbGxlcg==
SG9saWRheSBob21lcyAmIHZpbGxhcw==	VGF0aWwgZXZsZXJpIHZlIHZpbGxhbGFy
WWFjaHQgcmVudGFs	WWF0IGtpcmFsYW1h
VG91cnM=	VHVybGFy
QWN0aXZpdGllcw==	QWt0aXZpdGVsZXI=
QWxsIGV4cGVyaWVuY2Vz	VMO8bSBkZW5leWltbGVy
QXV0aG9ycw==	WWF6YXJsYXI=
U2VhcmNoIGNpdHksIGhvdGVsIG9yIHJlZ2lvbi4uLg==	xZ5laGlyLCBvdGVsIHZleWEgYsO2bGdlIGFyYS4uLg==
cGxhY2VzIGlu	eWVyIOKAlA==
SW50ZXJhY3RpdmUgbWFwIGlzIHVuYXZhaWxhYmxlIG9mZmxpbmU=	RXRraWxlxZ9pbWxpIGhhcml0YSDDp2V2cmltZMSxxZ/EsSBrdWxsYW7EsWxhbWF6
T3BlbiBpbiBHb29nbGUgTWFwcw==	R29vZ2xlIE1hcHMndGEgYcOn
VG9wIDEwIGF1dGhvciBvZiB0aGUgbW9udGg=	QXnEsW4gZW4gaXlpIDEwIHlhemFyxLE=
V2hhdCBndWVzdHMgYXJlIHNheWluZyBhYm91dA==	TWlzYWZpcmxlcmluIGhha2vEsW5kYSBzw7Z5bGVkaWtsZXJp
U3VwcGVyaG9zdA==	U8O8cGVyIGV2IHNhaGliaQ==
eWVhcnM=	ecSxbA==
UHJvdmlkaW5n	U3VudXlvcg==
Sm9pbmVkIG9u	S2F0xLFsZMSx
U3VnZ2VzdGVkIGxvY2F0aW9ucw==	w5ZuZXJpbGVuIGtvbnVtbGFy
QWdlcyAxMyBvciBhYm92ZQ==	MTMgeWHFnyB2ZSDDvHplcmk=
QWdlcyAy4oCTMTI=	MuKAkzEyIHlhxZ8=
QWdlcyAw4oCTMg==	MOKAkzIgeWHFnw==
VW5kZXIgMg==	MiB5YcWfIGFsdMSx
cGVyIG5pZ2h0	Z2VjZWxpaw==
YmVkcw==	eWF0YWs=
RW50aXJlIGNhYmlu	VGFtIGRhxJ8gZXZp
SG90ZWwgcm9vbQ==	T2Rh
SG9saWRheSBob21l	VGF0aWwgZXZp
SG9tZSBzdGF5	RXYga29uYWtsYW1h
UHJpdmF0ZSByb29t	w5Z6ZWwgb2Rh
RW50aXJlIHBsYWNl	VGFtIHllcg==
SGF2ZSBhIHBsYWNlIHRvIHlvdXJzZWxm	S2VuZGluaXplIGFpdCBiaXIgeWVy
SGF2ZSB5b3VyIG93biByb29tIGFuZCBzaGFyZSBzb21lIGNvbW1vbiBzcGFjZXM=	S2VuZGkgb2RhbsSxeiBvbHN1biB2ZSBiYXrEsSBvcnRhayBhbGFubGFyxLEgcGF5bGHFn8Sxbg==
SGF2ZSBhIHByaXZhdGUgb3Igc2hhcmVkIHJvb20gaW4gYSBib3V0aXF1ZSBob3RlbA==	QnV0aWsgb3RlbGRlIMO2emVsIHZleWEgcGF5bGHFn8SxbWzEsSBvZGE=
TGFuZ3VhZ2UgY2hhbmdlZA==	RGlsIGRlxJ9pxZ90aXJpbGRp
QmFjaw==	R2VyaQ==
LTIwJSBPRkY=	JTIwIMSwbmRpcmlt
QmVjb21lIGFuIGF1dGhvcg==	xLBsYW7EsW7EsXrEsSB5YXnEsW5sYXnEsW4=
RW50ZXIgeW91ciBlbWFpbA==	RS1wb3N0YSBhZHJlc2luaXppIGdpcmlu
QmFuZ2tvaywgVGhhaWxhbmQ=	QmFuZ2tvaywgVGF5bGFuZA==
TmV3IFlvcmssIFVTQQ==	TmV3IFlvcmssIEFCRA==
U2luZ2Fwb3Jl	U2luZ2FwdXI=
UGFyaXMsIEZyYW5jZQ==	UGFyaXMsIEZyYW5zYQ==
TG9uZG9uLCBVSw==	TG9uZHJhLCBCaXJsZcWfaWsgS3JhbGzEsWs=
VG9reW8sIEphcGFu	VG9reW8sIEphcG9ueWE=
TWFsZGl2ZXM=	TWFsZGl2bGVy
Um9tYSwgSXRhbHk=	Um9tYSwgxLB0YWx5YQ==
U3lkbmV5LCBBdXN0cmFsaWE=	U2lkbmV5LCBBdnVzdHJhbHlh
QmVybGluLCBHZXJtYW55	QmVybGluLCBBbG1hbnlh
VG9yb250bywgQ2FuYWRh	VG9yb250bywgS2FuYWRh
Q2hlY2sgaW4gLSBDaGVjayBvdXQ=	R2lyacWfIC0gw4fEsWvEscWf
U2VwIDE2IC0gU2VwIDE5	MTYgRXlsIC0gMTkgRXls
V2l0aCBhIGZyZWUgbGlzdGluZywgeW91IGNhbiBhZHZlcnRpc2UgeW91ciByZW50YWwgd2l0aCBubyB1cGZyb250IGNvc3Rz	w5xjcmV0c2l6IGlsYW5sYSBraXJhbMSxayB5ZXJpbml6aSDDtm4gw7ZkZW1lIHlhcG1hZGFuIHRhbsSxdGFiaWxpcnNpbml6
8J+OrCBUaGUgVmlkZW9z	8J+OrCBWaWRlb2xhcg==
Q2hlY2sgb3V0IG91ciBob3R0ZXN0IHZpZGVvcy4gVmlldyBtb3JlIGFuZCBzaGFyZSBtb3JlIG5ldyBwZXJzcGVjdGl2ZXMgb24ganVzdCBhYm91dCBhbnkgdG9waWMuIEV2ZXJ5b25lJ3Mgd2VsY29tZS4=	RW4geWVuaSB2aWRlb2xhcsSxbcSxesSxIGl6bGV5aW47IGZhcmtsxLEgYmFrxLHFnyBhw6fEsWxhcsSxbsSxIGtlxZ9mZWRpbiB2ZSBwYXlsYcWfxLFuLg==
R29vZCBuZXdzIGZyb20gZmFyIGF3YXkg8J+lhw==	VXpha2xhcmRhbiBnw7x6ZWwgaGFiZXJsZXIg8J+lhw==
TGV0J3Mgc2VlIHdoYXQgcGVvcGxlIHRoaW5rIG9mIENoaXNmaXM=	TWlzYWZpcmxlcmltaXppbiBDaGlzZmlzIGhha2vEsW5kYWtpIGfDtnLDvMWfbGVyaQ==
R3JlYXQgcXVhbGl0eSBwcm9kdWN0cywgYWZmb3JkYWJsZSBwcmljZXMsIGZhc3QgYW5kIGZyaWVuZGx5IGRlbGl2ZXJ5LiBJIHZlcnkgcmVjb21tZW5kLg==	S2FsaXRlbGkgc2XDp2VuZWtsZXIsIHV5Z3VuIGZpeWF0bGFyIHZlIGjEsXpsxLEsIGfDvGxlciB5w7x6bMO8IGhpem1ldC4gVGF2c2l5ZSBlZGVyaW0u
Sm9pbiBvdXIgbmV3c2xldHRlciDwn46J	QsO8bHRlbmltaXplIGthdMSxbMSxbiDwn46J
V2hlcmUgZG8geW91IHdhbnQgdG8gZ28/	TmVyZXllIGdpdG1layBpc3RpeW9yc3VudXo/
